tag,
Python,
JavaScript,
Ruby,
Rails,
AWS,
PHP,
Docker,
Java,
iOS,
Swift,
Android,
Linux,
Node.js,
Python3,
Git,
C#,
Unity,
React,
Laravel,
Mac,
Vue.js,
CSS,
TypeScript,
MySQL,
HTML,
Go,
機械学習,
GitHub,
Windows,
C++,
Ubuntu,
RaspberryPi,
Xcode,
VSCode,
Azure,
Kotlin,
SQL,
DeepLearning,
CentOS,
kubernetes,
jQuery,
Firebase,
Bash,
Flutter,
lambda,
Django,
WordPress,
AtCoder,
PostgreSQL,
C,
EC2,
Vim,
docker-compose,
Heroku,
Excel,
MacOSX,
Security,
gcp,
R,
Vagrant,
ShellScript,
Slack,
Arduino,
Salesforce,
API,
nginx,
GoogleAppsScript,
Nuxt,
Objective-C,
TensorFlow,
SpringBoot,
Rust,
PowerShell,
IoT,
SSH,
Elixir,
OpenCV,
競技プログラミング,
#migrated,
AI,
Angular,
S3,
oracle,
MachineLearning,
AndroidStudio,
Scala,
JSON,
Apache,
pandas,
Chrome,
Ansible,
VBA,
GAS,
メモ,
Network,
アルゴリズム,
VirtualBox,
npm,
GoogleCloudPlatform,
Web,
ChatGPT,
Next.js,
データ分析,
Dart,
Terraform,
RSpec,
Markdown,
ibmcloud,
Twitter,
Terminal,
フロントエンド,
自然言語処理,
homebrew,
Selenium,
webpack,
.NET,
Emacs,
SwiftUI,
error,
VisualStudioCode,
Elasticsearch,
環境構築,
shell,
VisualStudio,
Haskell,
reactnative,
Keras,
Linuxコマンド,
matplotlib,
Zsh,
Jupyter,
linebot,
aws-cli,
numpy,
PyTorch,
GitHubActions,
Blockchain,
WSL,
GitLab,
macOS,
Flask,
プログラミング初心者,
統計学,
Eclipse,
入門,
個人開発,
スクレイピング,
資格,
オブジェクト指向,
spring,
画像処理,
Bootstrap,
Perl,
Jenkins,
正規表現,
RPA,
電子工作,
MongoDB,
Gem,
DB,
Google,
BigQuery,
gradle,
ROS,
データサイエンス,
Databricks,
深層学習,
CSV,
AUTOSAR,
SQLServer,
GoogleSpreadSheet,
Anaconda,
Unity3D,
HTTP,
oci,
CircleCI,
redux,
Express,
oraclecloud,
node-red,
CloudFormation,
Ethereum,
ESP 32,
CakePHP,
ATOM,
IntelliJ,
Database,
AWS認定試験,
CTF,
Sass,
DoCAP,
kintone,
APIGateway,
GraphQL,
WPF,
Microsoft,
Julia,
ECS,
SSL,
vmware,
tips,
LaTeX,
RDS,
Redmine,
LINE,
UI,
DynamoDB,
Firestore,
Kaggle,
Cloud,
ゲーム制作,
PowerBI,
Electron,
UiPath,
LINEmessagingAPI,
Redis,
MATLAB,
Design,
Debian,
データベース,
VR,
FPGA,
基本情報技術者試験,
PowerAutomate,
NLP,
es6,
scikit-learn,
ディープラーニング,
gulp,
devise,
設計,
coding,
cloud9,
Bluemix,
WebGL,
ExcelVBA,
PDF,
TwitterAPI,
IAM,
M5stack,
Spark,
REST-API,
container,
debug,
scss,
serverless,
chrome-extension,
mariadb,
Blender,
spreadsheet,
UnrealEngine,
Composer,
PowerApps,
CI,
CloudFront,
curl,
Ajax,
アジャイル,
bot,
zabbix,
android開発,
pip,
DDD,
SQLite3,
Jest,
CloudWatch,
Xamarin,
processing,
chef,
WebAPI,
ESLint,
UNIX,
mecab,
CoffeeScript,
Alexa,
dns,
raspbian,
アプリ開発,
dockerfile,
ffmpeg,
ActiveRecord,
CLI,
discord,
pyenv,
colaboratory,
JupyterNotebook,
Maven,
cppBuilder,
インフラ,
leetcode,
画像認識,
vpc,
GoogleColaboratory,
開発環境,
GPU,
Vuetify,
OSS,
Chainer,
devops,
CUDA,
YouTube,
GIS,
HTTPS,
量子コンピュータ,
Phoenix,
Let’sEncrypt,
Fluentd,
GoogleAnalytics,
three.js,
rbenv,
強化学習,
Vuex,
.NETCore,
Cisco,
OpenSSL,
TeX,
OAuth,
XML,
vue-cli,
ブロックチェーン,
PHPUnit,
YARN,
amplify,
SoftLayer,
配列,
axios,
TechEnglish,
SVG,
bat,
Bitcoin,
cron,
VPN,
IFTTT,
babel,
Keyboard,
Facebook,
人工知能,
minecraft,
archLinux,
websocket,
tmux,
BLE,
関数型プログラミング,
proxy,
SourceTree,
solidity,
Firefox,
OpenAI,
PhpStorm,
CocoaPods,
GAE,
command,
プロジェクト管理,
Watson,
mail,
Gmail,
Tomcat,
Kibana,
GoogleMapsAPI,
bioinformatics,
algorithm,
canvas,
cocos2d-x,
CNN,
math,
WindowsServer,
ASP.NET_Core,
最適化,
FreeBSD,
VB.Net,
WebRTC,
openshift,
GoogleHome,
RStudio,
SAP,
ionic,
Elm,
Clojure,
Lua,
bluetooth,
cloudfunctions,
リファクタリング,
Fargate,
SORACOM,
Apex,
SPA,
Delphi,
AR,
cognito,
yhpg,
.NETFramework,
analytics,
mqtt,
PlayFramework,
PowerPlatform,
gRPC,
AWS認定ソリューションアーキテクト,
Shader,
ImageMagick,
font,
3D,
swagger,
Cordova,
GoogleDrive,
Tkinter,
Fortran,
GithubPages,
migration,
game,
JUnit,
sympy,
mbed,
tailwindcss,
Udemy,
CICD,
Groovy,
stripe,
FileMaker,
GCC,
Qt,
Hubot,
Office365,
ASP.NET,
unittest,
TDD,
animation,
Safari,
Laravel6,
Webアプリケーション,
FuelPHP,
ROS2,
UX,
テスト自動化,
Splunk,
GLSL,
AzureFunctions,
Tableau,
NVIDIA,
Yum,
Capistrano,
Teams,
チーム開発,
kernel,
UIKit,
expo,
サーバー,
ニューラルネットワーク,
PWA,
gatsby,
Bundler,
RxSwift,
ショートカット,
Bitbucket,
YAML,
AlibabaCloud,
BeautifulSoup,
hadoop,
fish,
非同期処理,
AWK,
obniz,
WebAssembly,
SEO,
GKE,
ドメイン駆動設計,
ECMAScript,
twilio,
xampp,
material-ui,
slackbot,
FizzBuzz,
paiza,
AmazonLinux,
VBScript,
Erlang,
promise,
Unity2D,
GUI,
Netlify,
eks,
batch,
CMake,
JetsonNano,
ServiceNow,
react-native,
systemd,
AWSLambda,
prometheus,
ARM,
SublimeText,
AzureAD,
統計,
ProjectEuler,
p5.js,
access,
log,
haml,
neovim,
Hyper-V,
cookie,
Pepper,
Word,
CDK,
SPSS,
Webサービス,
dlang,
Realm,
バッチファイル,
Tauri,
HelloWorld,
jq,
ElasticBeanstalk,
brew,
GoogleAppEngine,
AutomationAnywhere,
Athena,
OracleDatabase,
ブラウザ,
Sinatra,
audio,
AppleScript,
暗号,
WiFi,
OpenGL,
JWT,
openstack,
NestJS,
ServerlessFramework,
NEM,
mamp,
borgWarp,
Pycharm,
elb,
ArduinoIDE,
link,
openFrameworks,
vps,
Vue3,
maya,
grafana,
JetpackCompose,
ARKit,
LineNotify,
scipy,
Deno,
iTerm2,
コミュニケーション,
ライブラリ,
Alibabaクラウド,
puppeteer,
d3.js,
storybook,
アーキテクチャ,
Cognos,
Aurora,
postfix,
音声認識,
prettier,
RHEL,
vimrc,
mruby,
FastAPI,
googleapi,
nosql,
Validation,
QiitaAPI,
I2C,
cmd,
sed,
形態素解析,
CORS,
HoloLens,
Amazon,
JupyterLab,
KaliLinux,
NCMB,
Ｅ資格,
デプロイ,
slack-api,
paiza.IO,
MVVM,
VRChat,
Webhook,
脆弱性,
redshift,
ツール,
django-rest-framework,
monaca,
PowerPoint,
SPSS_Modeler,
PlantUML,
TravisCI,
関数,
lisp,
Plugin,
grep,
Datadog,
ActiveDirectory,
JSX,
Capybara,
Progate,
scraping,
Symfony,
Storyboard,
SharePoint,
ゲーム,
CodeBuild,
Oculus,
Xaml,
cloudflare,
redhat,
小ネタ,
micropython,
SSL証明書,
IPアドレス,
Plunker,
ラズパイ,
IDE,
photoshop,
PowerQuery,
datetime,
RuboCop,
Conoha,
LINQ,
mastodon,
F#,
kubectl,
アセンブラ,
SNS,
react-hooks,
HOUDINI,
Xamarin.Forms,
Makefile,
Blazor,
SageMaker,
OpenAPI,
redash,
統計検定,
Shopify,
microbit,
Thymeleaf,
vite,
hooks,
microservices,
enebular,
ゲーム開発,
Adobe,
TouchDesigner,
chart.js,
Scratch,
SQLite,
ses,
vue-router,
Cygwin,
IE,
Zoom,
USB,
Prolog,
Nim,
環境変数,
gce,
Unicode,
CMS,
performance,
QA,
OCR,
Outlook,
phpMyadmin,
Svelte,
Subversion,
ShinobiLayer,
拡張機能,
ECR,
Cocoa,
Chromebook,
mvc,
組み込み,
awscli,
StableDiffusion,
IBM,
FontAwesome,
KVM,
Notion,
CodePipeline,
MaterialDesign,
enum,
M5StickC,
Symbol,
Embulk,
OpenJDK,
async,
ESXi,
unicorn,
Eloquent,
iPad,
BI,
teraterm,
samba,
ansible-playbook,
トラブルシューティング,
NewRelic,
AzureDevOps,
ハッカソン,
QGIS,
時系列解析,
開発プロセス,
CommonLisp,
Kafka,
Chatwork,
array,
GitLab-CI,
ハンズオン,
grunt,
Pipenv,
deploy,
GPS,
AlexaSkillsKit,
ロボット,
word2vec,
ワンライナー,
マクロ,
MyBatis,
form,
GoogleCalendar,
CoreOS,
uml,
OpenStreetMap,
statistics,
php-fpm,
RubyMine,
selenium-webdriver,
DockerHub,
awsIoT,
RaspberryPiPico,
chatbot,
alpine,
editor,
FirebaseAuth,
authentication,
English,
server,
CPU,
PowerAutomateDesktop,
glue,
物体検出,
Peco,
Titanium,
AtCoderBeginnerContest,
LaraDock,
login,
MacBook,
leaflet,
sam,
Lightsail,
difference,
TLS,
I18n,
slim,
DI,
TreasureData,
ALB,
MNIST,
ngrok,
SSO,
仮想環境,
rest,
CleanArchitecture,
pug,
zip,
CDN,
OculusQuest,
create-react-app,
Socket.io,
rancher,
MIDI,
bookmarklet,
シミュレーション,
sbt,
データサイエンティスト,
フレームワーク,
jira,
xdebug,
svn,
UnityEditor,
discord.py,
apollo,
aws-sdk,
RxJS,
AppStore,
Edge,
Beginner,
さくらVPS,
agile,
TCP,
outsystems,
fastlane,
チームビルディング,
scrum,
QRcode,
sqlalchemy,
GAN,
zynq,
JavaEE,
IaC,
URL,
adMob,
CloudRun,
testing,
carrierwave,
UniRx,
codepen,
sort,
Keycloak,
map,
writeup,
パフォーマンス,
バージョン管理,
PRML,
sklearn,
Mattermost,
高速化,
Basic認証,
apt,
dialogflow,
EC-CUBE,
ドメイン,
Win32API,
SRE,
pillow,
IIS,
Drupal,
VMware_ESXi,
コンポーネント,
さくらのクラウド,
QuantumComputing,
応用情報技術者試験,
Hugo,
VBAマクロ,
IBMi,
ORM,
CodeCrafters,
